id,leverandor,kategori,navn,detalje,enhed,varenr,billede,note,sortering,antal,opdateret
l-via-emilia,Uden leverandør,Spumante,Spumante 'Via Emilia',Cantina di Carpi e Sorbara,flaske,,,Bruges også i spritz,1,0,
l-contesse-cuvee,Uden leverandør,Spumante,Spumante Cuvée,Le Contesse,flaske,,,,2,0,
l-pet-nat-pecorino,Uden leverandør,Spumante,Pet Nat 'Pecorino' Brut Nature,Cantina Orsogna,flaske,,,,3,0,
l-prosecco-contesse,Uden leverandør,Spumante,Prosecco Superiore,Le Contesse,flaske,,,,4,0,
l-bonomi-cuvee22,Uden leverandør,Spumante,Cuvée 22 Brut,Castello Bonomi,flaske,,,,5,0,
l-bianco-tesoro,Uden leverandør,Bianco,Vino Bianco Bio,Tesoro,flaske,,,Husets hvidvin,6,0,
l-vermentino,Uden leverandør,Bianco,Vermentino,Doga delle Clavule,flaske,,,,7,0,
l-pinot-grigio-corvesso,Uden leverandør,Bianco,Pinot Grigio,Corvesso,flaske,,,,8,0,
l-chardonnay-caparzo,Uden leverandør,Bianco,Chardonnay,Caparzo,flaske,,,,9,0,
l-nascetta,Uden leverandør,Bianco,Langhe Nascetta,Fratelli Serio & Battista Borgogno,flaske,,,,10,0,
l-ca-marcanda,Uden leverandør,Bianco,Ca' Marcanda,Angelo Gaja,flaske,,,,11,0,
l-timorasso,Uden leverandør,Bianco,Timorasso 2021,Derthona,flaske,,,,12,0,
l-idda-bianco,Uden leverandør,Bianco,Idda Bianco,Gaja Sicilia,flaske,,,,13,0,
l-chiaretto,Uden leverandør,Rosato,Chiaretto di Bardolino Rosato,Veneto,flaske,,,,14,0,
l-ramoro-orange,Uden leverandør,Rosato,"Ramoro Pinot Grigio ""Orange""",Cantina Orsogna,flaske,,,,15,0,
l-vino-rosso,Uden leverandør,Rosso,Vino Rosso NV,,flaske,,,Husets rødvin,16,0,
l-barbera-terre,Uden leverandør,Rosso,Barbera d'Alba,Terre del Barolo,flaske,,,,17,0,
l-sangiovese-brunelli,Uden leverandør,Rosso,Sangiovese,Tenuta Brunelli,flaske,,,,18,0,
l-ripasso-antane,Uden leverandør,Rosso,Ripasso Superiore,Villa di Antane,flaske,,,,19,0,
l-syrah-sicilia,Uden leverandør,Rosso,Syrah,Terre Siciliane IGT,flaske,,,,20,0,
l-chianti-biskero,Uden leverandør,Rosso,Chianti,Biskero,flaske,,,,21,0,
l-pinot-noir-lageder,Uden leverandør,Rosso,Pinot Noir,Alois Lageder,flaske,,,,22,0,
l-barolo-le-terre,Uden leverandør,Rosso,Barolo,Le Terre,flaske,,,,23,0,
l-brunello-cordella,Uden leverandør,Rosso,Brunello di Montalcino,Cordella,flaske,,,,24,0,
l-amarone-tanazzi,Uden leverandør,Rosso,Amarone della Valpolicella,Tanazzi,flaske,,,,25,0,
l-barbera-vietti,Uden leverandør,Rosso,Barbera d'Alba,Vietti,flaske,,,,26,0,
l-le-difese,Uden leverandør,Rosso,Le Difese 2022,Tenuta San Guido,flaske,,,,27,0,
l-sassicaia,Uden leverandør,Rosso,Sassicaia 2017,Tenuta San Guido,flaske,,,,28,0,
l-moscato,Uden leverandør,Dolce,Moscato d'Asti,Cascina Pian d'Or,flaske,,,,29,0,
l-brachetto,Uden leverandør,Dolce,Brachetto,Cascina Pian d'Or,flaske,,,,30,0,
l-cuvee-zero,Sigurd Müller,Vino senza alcohol,La Cuvée Sparkling Rosé Zero,Castell del Remei,flaske,900501,,Samme vin som MKA,31,0,
l-goldatzel,Sigurd Müller,Vino senza alcohol,Riesling alkoholfri,Goldatzel,flaske,900543,,Samme vin som MKA,32,0,
l-arensbak,Sigurd Müller,Vino senza alcohol,Arensbak Red Forest Fruit,,flaske,800453,,Samme vin som MKA,33,0,
l-poretti,Uden leverandør,Birra,Angelo Poretti,Fadøl,fustage,,,Carlsberg-brand – sandsynligvis Carlsberg,34,0,
l-burst,Carlsberg,Birra,Mikkeller Burst IPA,Modular 20 l,fustage 20 l,35878,https://shop.carlsbergdanmark.dk/-/media/Products/3587835878dk12jpg.jpg,,35,0,
l-1664-blanc,Carlsberg,Birra,Kronenbourg Blanc,1664 Blanc Modular 20 l,fustage 20 l,16342,https://shop.carlsbergdanmark.dk/-/media/Products/1634216342dk19jpg.jpg,,36,0,
l-peroni-azzurro,Uden leverandør,Birra,Peroni Nastro Azzurro,Flaske,kasse?,,,,37,0,
l-peroni-red,Uden leverandør,Birra,Peroni Red,Flaske,kasse?,,,,38,0,
l-peroni-00,Uden leverandør,Birra,"Peroni 0,0%","Flaske, alkoholfri",kasse?,,,,39,0,
l-coca-cola,Carlsberg,Bevande fredde,Coca-Cola,33 cl dåse,bakke á 24,64550,https://shop.carlsbergdanmark.dk/-/media/Products/6455064550dk17jpg.jpg,,40,0,
l-coca-cola-zero,Carlsberg,Bevande fredde,Coca-Cola Zero,33 cl dåse,bakke á 24,25566,https://shop.carlsbergdanmark.dk/-/media/Products/2556625566dk18jpg.jpg,,41,0,
l-sanpe-grapefrugt,Uden leverandør,Bevande fredde,San Pellegrino Grapefrugt,,?,,,,42,0,
l-sanpe-blodappelsin,Uden leverandør,Bevande fredde,San Pellegrino Blodappelsin,,?,,,,43,0,
l-sanpe-citron,Uden leverandør,Bevande fredde,San Pellegrino Citron,,?,,,,44,0,
l-danskvand,Uden leverandør,Mixere,Danskvand,Til spritz,?,,,,45,0,
l-indian-tonic,Uden leverandør,Mixere,Indian tonic,Vermouth tonic + Beefeater G&T,?,,,,46,0,
l-mallorcan-tonic,Uden leverandør,Mixere,Mallorcan tonic,Malfy G&T,?,,,,47,0,
l-pink-grapefruit-tonic,Uden leverandør,Mixere,Pink grapefruit tonic,Malfy Rosa G&T,?,,,,48,0,
l-aperol,Philipson,Spiritus,Aperol,70 cl,flaske,,,"Lupo Spritz, Aperol Spritz, Mandarin Sour",49,0,
l-campari,Philipson,Spiritus,Campari,70 cl,flaske,,,"Campari Spritz, Negroni",50,0,
l-beefeater,Philipson,Spiritus,Beefeater Gin,70 cl,flaske,,,"Negroni, G&T",51,0,
l-beefeater-00,Philipson,Spiritus,"Beefeater 0,0%",alkoholfri,flaske,,,Søg hos Philipson,52,0,
l-malfy-original,Philipson,Spiritus,Malfy Gin Originale,,flaske,,,Søg hos Philipson,53,0,
l-malfy-limone,Philipson,Spiritus,Malfy Gin Limone,,flaske,,,Søg hos Philipson,54,0,
l-malfy-arancia,Philipson,Spiritus,Malfy Gin Arancia,,flaske,,,Søg hos Philipson,55,0,
l-malfy-rosa,Philipson,Spiritus,Malfy Gin Rosa,,flaske,,,Søg hos Philipson,56,0,
l-terrazzo-bianco,Philipson,Spiritus,Terrazzo Bianco vermouth,,flaske,,,Vermouth Tonic – søg hos Philipson,57,0,
l-bordiga-rosso,Philipson,Spiritus,Bordiga Rosso vermouth,,flaske,,,Vermouth Tonic – søg hos Philipson,58,0,
l-cocchi-torino,Philipson,Spiritus,Cocchi Vermouth di Torino,,flaske,,,Negroni – søg hos Philipson,59,0,
l-italicus,Philipson,Spiritus,Italicus,,flaske,,,Mandarin Sour – søg hos Philipson,60,0,
l-amaretto,Philipson,Spiritus,Amaretto,,flaske,,,Amaretto Sour – vælg mærke,61,0,
l-vodka,Philipson,Spiritus,Vodka,,flaske,,,Espresso Martini – vælg mærke (MKA: Absolut),62,0,
l-kahlua,Philipson,Spiritus,Kahlúa,70 cl,flaske,,,,63,0,
l-frangelico,Philipson,Spiritus,Frangelico,70 cl,flaske,,,,64,0,
l-grappa-bianca,Philipson,Spiritus,Grappa Bianca,,flaske,,,Vælg mærke,65,0,
l-montenegro,Philipson,Spiritus,Amaro Montenegro,,flaske,,,,66,0,
l-fernet-menta,Philipson,Spiritus,Fernet Menta,,flaske,,,,67,0,
l-fernet-branca,Philipson,Spiritus,Fernet Branca,,flaske,,,,68,0,
l-sambuca,Philipson,Spiritus,Sambuca,,flaske,,,Vælg mærke (MKA: Ramazzotti),69,0,
